USE employees;

insert into office(officeID,phone,officeAddress,officeState,postalCode) values 
(1,'01011231452','Egypt','Busy','131314'),
(2,'01011231422','Egypt','Open','131223'), 
(3,'+0121231422','USA','Open','341431'), 
(4,'18138143121','Alex','Closed','412412'),
(5,'13456883816','Cairo','Closed','412412');

insert into employee(empID,fName,lName,gender,dateHired,officeID) values
(1,'abc','def','M','2002-04-10',1),
(2,'ahmed','bat','M','2005-10-10',2),
(3,'jas','mat','F','2010-03-21',3),
(4,'bat','man','M','2003-06-25',4),
(5,'black','cat','F','2007-08-12',5),
('6', 'omar', 'elkassas', 'M', '2002-04-10', '1'),
('7', 'emp', '7', 'M', '2005-10-10', '2'),
('8', 'emp', '8', 'F', '2010-04-21', '3'),
('9', 'emp', '9', 'M', '2003-07-25', '4'),
(10, 'emp', '10', 'F', '2007-09-12', '5'),
('11', 'emp', '11', 'M', '2002-05-10', '1'),
('12', 'emp', '12', 'F', '2005-11-10', '2'),
('13', 'emp', '13', 'M', '2010-04-21', '3'),
('14', 'emp', '14', 'M', '2003-07-25', '4'),
('15', 'emp', '15', 'F', '2007-09-12', '5');


insert into salary(empID,salary,startDate,endDate) values
(1,3232,'2008-01-01','2008-03-01'),
(2,3500,'2009-01-01', '2014-01-01'), 
(3,4000,'2010-01-01', '2016-01-01'),
(4,5000,'2011-01-01', '2020-01-01'),
(5,8000,'2012-01-01', '2015-01-01'),
('6', '2800', '2002-04-10', '2020-01-21'),
('7', '2000', '2005-10-10', '2020-01-22'),
('8', '2100', '2010-04-21', '2020-01-23'),
('9', '2200', '2003-07-25', '2020-01-24'),
('10', '2300', '2007-09-12', '2020-01-25'),
('11', '2400', '2002-05-10', '2020-01-26'),
('12', '2500', '2005-11-10', '2020-01-27'),
('13', '2600', '2010-04-21', '2020-01-28'),
('14', '2700', '2003-07-25', '2020-01-29'),
('15', '2900', '2007-09-12', '2020-01-30');


INSERT INTO `employees`.`department` (`deptID`, `deptName`) VALUES 
('1', 'CS'),
('2', 'SE'),
('3', 'IT'),
('4', 'IS'),
('5', 'AI');

INSERT INTO `employees`.`deptmanager` (`empID`, `deptID`, `startDate`, `endDate`) VALUES 
('1', '1', '2008-01-01', '2008-03-01'),
('2', '2', '2009-01-01', '2014-01-01'),
('3', '3', '2010-01-01', '2016-01-01'),
('4', '4', '2011-01-01', '2020-01-01'),
('5', '5', '2012-01-01', '2015-01-01');

INSERT INTO `employees`.`deptemp` (`empID`, `deptID`, `startDate`, `endDate`) VALUES 
('6', '1', '2002-04-10', '2020-01-21'),
('7', '2', '2005-10-10', '2020-01-22'),
('8', '3', '2010-04-21', '2020-01-23'),
('9', '4', '2003-07-25', '2020-01-24'),
('10', '5', '2007-09-12', '2020-01-25'),
('11', '1', '2002-05-10', '2020-01-26'),
('12', '2', '2005-11-10', '2020-01-27'),
('13', '3', '2010-04-21', '2020-01-28'),
('14', '4', '2003-07-25', '2020-01-29'),
('15', '5', '2007-09-12', '2020-01-30');




